k,s1_max,s1_kp,s1_ki,s1_0,ok,elapsed,lap_time,final_soc,max_temp,final_s1,final_s2,avg_kw
150.0,22.757631120839722,10.0,0.5,1.0,True,4.725027084350586,1539.4674227232472,0.027375824922523273,64.59899267627304,8.075915207342735,1.0,15.501964088108341
150.0,22.757631120839722,10.0,0.5,3.0,True,4.65398907661438,1529.8024006108153,0.025492734913174945,66.63468850088147,3.0,1.0,15.51739209796394
150.0,22.757631120839722,10.0,2.0,1.0,True,4.974491357803345,1541.7308740889519,0.03595245088006753,63.97308097211409,1.0,1.0,15.343767047892047
150.0,22.757631120839722,10.0,2.0,3.0,True,4.862980365753174,1529.8105622777882,0.02553066413319864,66.63438633545483,3.0,1.0,15.517149983201643
150.0,22.757631120839722,30.0,0.5,1.0,True,4.76481556892395,1538.5491369967813,0.02712998436361688,64.68485948293383,6.92956482687295,1.0,15.508424646263029
150.0,22.757631120839722,30.0,0.5,3.0,True,4.881101608276367,1529.801818270525,0.025516510629515585,66.63415501483726,3.0,1.0,15.517228334319888
150.0,22.757631120839722,30.0,2.0,1.0,True,4.9126856327056885,1540.9601230275655,0.035220506153079374,64.0233754179237,1.0,1.0,15.365126661711423
150.0,22.757631120839722,30.0,2.0,3.0,True,4.780292272567749,1529.807406823877,0.025534975593448275,66.63412063826691,3.0,1.0,15.51688330934219
150.0,22.757631120839722,60.0,0.5,1.0,True,4.764533996582031,1537.5976177444868,0.026924826942785966,64.73805513304212,5.38453926323924,1.0,15.51662003408139
150.0,22.757631120839722,60.0,0.5,3.0,True,4.76427960395813,1529.8691838895486,0.02566305236091258,66.63432865976843,3.0,1.0,15.51442267898985
150.0,22.757631120839722,60.0,2.0,1.0,True,4.75365138053894,1539.9625753448486,0.03411026217112981,64.05820978743166,1.0,1.0,15.390302292044447
150.0,22.757631120839722,60.0,2.0,3.0,True,4.747983455657959,1529.804434589767,0.02556884124100742,66.63350421324114,3.0,1.0,15.51685418122425
200.0,30.34350816111963,10.0,0.5,1.0,True,4.748353004455566,1539.2585997617064,0.02284217254427644,64.86684010021837,12.396223920686241,1.0,15.561508442256262
200.0,30.34350816111963,10.0,0.5,3.0,True,4.77359938621521,1537.3031602505698,0.023047215489250702,65.71145861066535,10.780684259481918,1.0,15.412917187839607
200.0,30.34350816111963,10.0,2.0,1.0,True,4.776987314224243,1540.8215419465785,0.03465588894829323,64.79959169308363,6.045988217323253,1.0,15.402759119542619
200.0,30.34350816111963,10.0,2.0,3.0,True,4.7487335205078125,1541.468041939853,0.03476433548013446,64.20322333046005,4.252348621577871,1.0,15.28223632447268
200.0,30.34350816111963,30.0,0.5,1.0,True,4.7121031284332275,1538.3389637964406,0.023185663912902207,64.88597898162,10.841807802076168,1.0,15.565952068334797
200.0,30.34350816111963,30.0,0.5,3.0,True,4.755870819091797,1536.9390742262622,0.02367849402542106,65.60548777003977,9.462511038194144,1.0,15.4183020167951
200.0,30.34350816111963,30.0,2.0,1.0,True,4.71629786491394,1540.4077538910312,0.0343504907964034,64.66031359851158,4.906975007952696,1.0,15.407300653583656
200.0,30.34350816111963,30.0,2.0,3.0,True,4.956672430038452,1541.1418904455443,0.03447200778247667,64.22322176114477,3.561334794426913,1.0,15.292445556529543
200.0,30.34350816111963,60.0,0.5,1.0,True,4.770895004272461,1537.3459043888029,0.023576243936767344,64.89947800983293,8.847703342816079,1.0,15.570289721486215
200.0,30.34350816111963,60.0,0.5,3.0,True,4.800027370452881,1536.466033819862,0.024400036620836493,65.47113762840902,7.693542846466108,1.0,15.42547447878734
200.0,30.34350816111963,60.0,2.0,1.0,True,4.837733268737793,1539.9110156917206,0.03392530848103547,64.50428203962656,3.369375283460295,1.0,15.41181161391641
200.0,30.34350816111963,60.0,2.0,3.0,True,4.980990648269653,1540.679761809658,0.03402094372514234,64.22767839293971,3.0,1.0,15.306416922305736
300.0,45.515262241679444,10.0,0.5,1.0,True,4.795197010040283,1536.2489894444398,0.01278117834766868,65.76277493216668,19.962909515646892,1.0,15.720631221533859
300.0,45.515262241679444,10.0,0.5,3.0,True,4.762000560760498,1535.2252079711723,0.016162643135276294,66.01246236818739,16.741841520709478,1.0,15.655040647415555
300.0,45.515262241679444,10.0,2.0,1.0,True,4.750108242034912,1537.9943923337441,0.031848647273979055,64.72436424716285,10.280049241701638,1.0,15.492378650216555
300.0,45.515262241679444,10.0,2.0,3.0,True,4.725846529006958,1539.628976905902,0.03235474782843946,64.68238709426129,12.066886274772033,1.0,15.422678659884875
300.0,45.515262241679444,30.0,0.5,1.0,True,4.813554048538208,1536.0311320942185,0.014177807742049376,65.58979896164539,18.09079791552958,1.0,15.701459248484921
300.0,45.515262241679444,30.0,0.5,3.0,True,4.815547227859497,1535.0952329263816,0.017210161152793595,65.84021999930007,15.278566054991066,1.0,15.640190008333642
300.0,45.515262241679444,30.0,2.0,1.0,True,4.836719036102295,1538.0675429663756,0.031778207300661034,64.70129323748151,9.879575760876973,1.0,15.49141213394999
300.0,45.515262241679444,30.0,2.0,3.0,True,4.808302402496338,1539.5261578513998,0.032242025327185085,64.6628880590957,11.252937834017404,1.0,15.42267662479159
300.0,45.515262241679444,60.0,0.5,1.0,True,4.739606142044067,1535.604918842228,0.015858260195260102,65.40029567349474,15.560833800287398,1.0,15.688995085123977
300.0,45.515262241679444,60.0,0.5,3.0,True,4.7800469398498535,1534.84191881501,0.018537536938884352,65.66505968743616,13.240359730634365,1.0,15.628755199835398
300.0,45.515262241679444,60.0,2.0,1.0,True,4.739501237869263,1538.1111603812935,0.03166192878931119,64.66321106669962,9.045894019920441,1.0,15.489298479711787
300.0,45.515262241679444,60.0,2.0,3.0,True,4.7740318775177,1539.3736579546644,0.03207462061712786,64.6265193031233,10.022245092965889,1.0,15.422475061770042
