time_ms,voltage,current,temperature
0.0,3.9612750107814136,10.062865110546698,25.0
1000.0,3.9602518735729086,10.875994780727337,25.0
2000.0,3.9554744397169475,12.201723664039402,25.0
3000.0,3.9484523558403604,12.868270429300676,25.0
4000.0,3.943332011246423,13.474575748139113,25.0
5000.0,3.9356845872105635,14.839540339300116,25.0
6000.0,3.9301931606421805,16.21430592131412,25.0
7000.0,3.930811497208904,16.924163573380028,25.0
8000.0,3.9266425783177232,16.969391957460903,25.0
9000.0,3.9217643448711614,17.539118259788815,25.0
10000.0,3.916493477884612,18.688362768731324,25.0
11000.0,3.9106597223557733,19.824165619944107,25.0
12000.0,3.9137594673666225,19.4176191539451,25.0
13000.0,3.902481988292562,21.218371206930804,25.0
14000.0,3.900545383780629,21.421395440832917,25.0
15000.0,3.896781210051804,22.36178838400613,25.0
16000.0,3.893894625919421,23.10447736716444,25.0
17000.0,3.890258701367726,23.8304772280409,25.0
18000.0,3.88471899083342,24.76812116693612,25.0
19000.0,3.8779180370680306,25.61732690773897,25.0
20000.0,3.8753512188483,25.52418993664788,25.0
21000.0,3.870603227862825,26.721349170665462,25.0
22000.0,3.875237701745949,26.11122090082351,25.0
23000.0,3.86918196525085,26.561663869531394,25.0
24000.0,3.872968494071238,26.32328223923211,25.0
25000.0,3.8754192621098595,25.381550162129656,25.0
26000.0,3.879700034626702,24.41807781181625,25.0
27000.0,3.8857084345069657,23.79081592882843,25.0
28000.0,3.884820456043429,23.504580981041265,25.0
29000.0,3.8873482077253017,23.357364665677018,25.0
30000.0,3.8875126462326834,22.299038485524,25.0
31000.0,3.891124474848897,22.307640710745748,25.0
32000.0,3.891733984796751,22.000007254015703,25.0
33000.0,3.883038804181973,22.081681550845744,25.0
34000.0,3.8901920493149156,21.7176414123471,25.0
35000.0,3.893291223606578,21.655504709649943,25.0
36000.0,3.8941404460579654,21.085763890832673,25.0
37000.0,3.8899373734935025,21.346876582308244,25.0
38000.0,3.887316482325449,21.861580537267226,25.0
39000.0,3.882378416882857,22.325964055136634,25.0
40000.0,3.8910301910578697,21.1021988439486,25.0
41000.0,3.8787155639117348,22.673516524987935,25.0
42000.0,3.8791714625078297,22.7948237521854,25.0
43000.0,3.883291293958454,22.72545887167369,25.0
44000.0,3.8807757231430537,22.673796067997355,25.0
45000.0,3.880110876178315,22.570960654089646,25.0
46000.0,3.879122838331791,22.77336125622793,25.0
47000.0,3.8866503056859556,22.307896197122055,25.0
48000.0,3.886886273416616,21.480951976197584,25.0
49000.0,3.887896752069833,20.461054512637677,25.0
50000.0,3.89874819530295,19.178690205329477,25.0
51000.0,3.902874947738655,17.567669679170756,25.0
52000.0,3.905392946652978,17.31903250880436,25.0
53000.0,3.9050643104179215,16.77886055935357,25.0
54000.0,3.9133004873401753,14.91812516687428,25.0
55000.0,3.916764565350081,14.856303841936375,25.0
56000.0,3.917794553428444,13.957342282130783,25.0
57000.0,3.921433530784415,13.163841732705592,25.0
58000.0,3.933877378621179,11.289453355439164,25.0
59000.0,3.9329032403260364,10.61119592635347,25.0
60000.0,3.936305079843887,9.7817823764284,25.0
61000.0,3.9418542921245283,9.415099046113568,25.0
62000.0,3.929366656192142,10.869683938565068,25.0
63000.0,3.9371346785648034,9.752044635778924,25.0
64000.0,3.9356324665808575,10.164484814730102,25.0
65000.0,3.9349208568366794,9.870713727263038,25.0
66000.0,3.930556824212636,10.791736439401062,25.0
67000.0,3.934546340627621,10.660180493540919,25.0
68000.0,3.937377788006464,9.898137468947702,25.0
69000.0,3.945922923063963,7.650774914770124,25.0
70000.0,3.947091269627853,7.9738936271759355,25.0
71000.0,3.951141771051284,7.525013718672925,25.0
72000.0,3.9481233829503095,6.975269274166248,25.0
73000.0,3.95791983793944,5.523096254892217,25.0
74000.0,3.958331241377773,6.182941160023829,25.0
75000.0,3.965662284754641,4.143632092286722,25.0
76000.0,3.966164080522839,4.10613286169167,25.0
77000.0,3.9613495810565245,4.645750636401032,25.0
78000.0,3.962994657206051,4.057395934703017,25.0
79000.0,3.96205177647354,5.004851329708053,25.0
80000.0,3.9650607862744622,4.185413078182984,25.0
81000.0,3.9646009762587897,3.977063857132964,25.0
82000.0,3.961479873701177,4.418453969588588,25.0
83000.0,3.958510227000662,4.480201505860151,25.0
84000.0,3.9601095692042314,4.902290963942331,25.0
85000.0,3.950526728997679,6.458480087264881,25.0
86000.0,3.9482429960199164,7.111067320807167,25.0
87000.0,3.9442149823684134,8.206859551265751,25.0
88000.0,3.945524417532454,7.968872969468034,25.0
89000.0,3.934945828666983,10.00951512046145,25.0
90000.0,3.938566228434774,9.856306146095664,25.0
91000.0,3.9315174083199476,10.787204139422293,25.0
92000.0,3.9324783086180135,9.783607076408702,25.0
93000.0,3.932877747869183,9.632258353828863,25.0
94000.0,3.9364979174552035,10.124892685779333,25.0
95000.0,3.9283405123659425,10.515726542434736,25.0
96000.0,3.931526217558063,10.080504788357672,25.0
97000.0,3.9367512361049863,9.707235587938332,25.0
98000.0,3.938370181612043,9.329390142961666,25.0
99000.0,3.934778062352949,9.299239892541285,25.0
100000.0,3.9304083861718575,10.251341424937433,25.0
101000.0,3.9252136728262195,10.494856516642903,25.0
102000.0,3.929323881942659,9.917852703687355,25.0
103000.0,3.932469459168808,9.462817570885782,25.0
104000.0,3.9281142619476808,10.436521076310854,25.0
105000.0,3.932635469600357,9.359803027642714,25.0
106000.0,3.9319647475102433,9.643465952470365,25.0
107000.0,3.932500539814972,10.31050892677005,25.0
108000.0,3.9359973956802365,8.874929413212705,25.0
109000.0,3.928901764168667,10.193184798783152,25.0
110000.0,3.9304862607535678,9.709179581795249,25.0
111000.0,3.9282002539112955,10.054639848738907,25.0
112000.0,3.9312536577952892,9.962149236889589,25.0
113000.0,3.9279866588272125,9.682518355057237,25.0
114000.0,3.9324218777652766,9.099615823446955,25.0
115000.0,3.9379381145243393,7.568694264596789,25.0
116000.0,3.938514423384529,7.893661634440608,25.0
117000.0,3.943693157590587,6.836335380719047,25.0
118000.0,3.9480594317198405,6.253916108397659,25.0
119000.0,3.9504754219326608,5.854367468915183,25.0
120000.0,3.952562485824049,5.197641688146308,25.0
121000.0,3.9513510846509177,5.800983425261562,25.0
122000.0,3.9496746068178585,6.097534786533219,25.0
123000.0,3.9468068203229247,6.135302073019644,25.0
124000.0,3.939073109838296,7.678542922586573,25.0
125000.0,3.930853814397256,8.365138973683761,25.0
126000.0,3.93128758348376,9.14459591672042,25.0
127000.0,3.9202255132710495,11.1870852094769,25.0
128000.0,3.9122369433254294,12.062759412960322,25.0
129000.0,3.908812226431322,13.198057823441733,25.0
130000.0,3.904184123235906,14.621773801844968,25.0
131000.0,3.888791499384378,16.758195584725733,25.0
132000.0,3.8856860756311336,18.319050657394886,25.0
133000.0,3.873570608945436,20.33517163887849,25.0
134000.0,3.8673858956644964,21.202354974436982,25.0
135000.0,3.8568642937946245,23.248841940964258,25.0
136000.0,3.854158502923251,24.077739271979357,25.0
137000.0,3.846682159005539,24.56371012430033,25.0
138000.0,3.8590123324333674,23.379653945610563,25.0
139000.0,3.8411415198013494,25.710412082619346,25.0
140000.0,3.8404391483240428,25.75826727224421,25.0
141000.0,3.8413921627395466,26.250003111817296,25.0
142000.0,3.8380624791355125,26.629431946434945,25.0
143000.0,3.836721823560533,26.995826257085014,25.0
144000.0,3.8341611773911537,27.278724403438954,25.0
145000.0,3.8325860989612237,27.207208218933918,25.0
146000.0,3.831445450963171,26.655839164020502,25.0
147000.0,3.827105188265669,27.723932766758765,25.0
148000.0,3.8289371249433883,27.49952819236858,25.0
149000.0,3.8227989314199764,28.51541333185127,25.0
150000.0,3.8213760079534405,27.855616747002312,25.0
151000.0,3.826127471831524,28.017069303635836,25.0
152000.0,3.8295640029043465,27.47659113882385,25.0
153000.0,3.8281704690430742,27.523078896763415,25.0
154000.0,3.8221894410949027,27.600890282365214,25.0
155000.0,3.829251821931387,26.643977281071457,25.0
156000.0,3.8203919785964526,27.26935985046007,25.0
157000.0,3.8299924809086168,26.751411550225757,25.0
158000.0,3.828717198743544,25.432419492599454,25.0
159000.0,3.8420420595799682,23.591530857785173,25.0
160000.0,3.842001197716347,23.792862475106052,25.0
161000.0,3.850027810138914,22.130448826830648,25.0
162000.0,3.8544273964011713,20.77059017838514,25.0
163000.0,3.8557541339940786,19.70259976854503,25.0
164000.0,3.8586825774311326,19.556780307393367,25.0
165000.0,3.8681515729734746,17.50686915412142,25.0
166000.0,3.873936989889722,16.524557418552984,25.0
167000.0,3.8836091881804258,14.762456246403376,25.0
168000.0,3.879249824647685,15.436672702232931,25.0
169000.0,3.887670574915046,14.26590165987806,25.0
170000.0,3.887630307281817,13.62462091542934,25.0
171000.0,3.890896137536318,12.48932626314678,25.0
172000.0,3.895161250026265,12.386822691981706,25.0
173000.0,3.8946143324695393,11.661871074032371,25.0
174000.0,3.8968001961483356,11.410031484814187,25.0
175000.0,3.899758208451038,10.725920674522008,25.0
176000.0,3.899065279326855,9.825950875299476,25.0
177000.0,3.898661775155854,10.889827686170939,25.0
178000.0,3.9065866118409125,9.26020838561091,25.0
179000.0,3.901742849586304,9.987040270983595,25.0
180000.0,3.902098294611019,9.897738755800171,25.0
181000.0,3.9016820448062925,9.478569929507747,25.0
182000.0,3.9000595245177907,10.30656156816829,25.0
183000.0,3.9046988909581652,9.899835149295216,25.0
184000.0,3.9017039386716106,9.78156583720136,25.0
185000.0,3.898399241265022,10.259920865488821,25.0
186000.0,3.900484961213019,9.761710479720794,25.0
187000.0,3.900847940470547,10.694489987419153,25.0
188000.0,3.896453047602916,10.175727538093657,25.0
189000.0,3.902685699823661,9.76283350658278,25.0
190000.0,3.9046706714353348,9.027867512007228,25.0
191000.0,3.906492350303102,9.346123401549427,25.0
192000.0,3.8990733550000503,10.543415392384182,25.0
193000.0,3.8988771803442557,9.974697968444328,25.0
194000.0,3.896324564561308,9.858437467160233,25.0
195000.0,3.8972258757571066,10.821625807121348,25.0
196000.0,3.904350492062739,9.358675377963051,25.0
197000.0,3.8972685623549714,9.70717110007932,25.0
198000.0,3.90046464577908,9.763706161620759,25.0
199000.0,3.8945025309408994,10.29316864076565,25.0
200000.0,3.8974414802355226,9.668232400847977,25.0
201000.0,3.895429316943007,9.693291075692986,25.0
202000.0,3.9027718875903705,9.197425301557443,25.0
203000.0,3.8974949010619353,9.946135859544187,25.0
204000.0,3.901667360002436,9.155599534350975,25.0
205000.0,3.910603928559571,7.709690766345416,25.0
206000.0,3.911084547950628,7.264840596055322,25.0
207000.0,3.917940020420683,5.826965424865513,25.0
208000.0,3.9192905856763014,5.596143199875562,25.0
209000.0,3.913711354576678,5.960910954720932,25.0
210000.0,3.9210815333714577,4.871712944326932,25.0
211000.0,3.915024942390163,5.59207861599722,25.0
212000.0,3.9245472778745913,3.7846292712654446,25.0
213000.0,3.9233852001309857,4.323010836152514,25.0
214000.0,3.927679503225633,3.9059021239688745,25.0
215000.0,3.927242224093699,4.374062405340795,25.0
216000.0,3.921275631980766,4.290055222399698,25.0
217000.0,3.9235118752394538,4.326636667000412,25.0
218000.0,3.9215980145117277,4.591966182508884,25.0
219000.0,3.9102786043410376,7.074149416660088,25.0
220000.0,3.915075262724412,6.104601812018654,25.0
221000.0,3.915958220379153,5.812154069484157,25.0
222000.0,3.9060507659982284,7.235279837593532,25.0
223000.0,3.901359785407403,8.685195728659995,25.0
224000.0,3.901008089401297,8.914957177647235,25.0
225000.0,3.889166890322232,10.680223101242621,25.0
226000.0,3.8948014049006963,10.50119913642198,25.0
227000.0,3.8930224594309983,9.923830682087882,25.0
228000.0,3.8927978023637557,9.763892028611979,25.0
229000.0,3.8957669369050816,9.497599496486151,25.0
230000.0,3.893680183754135,9.650016728843338,25.0
231000.0,3.893173750404452,9.263428462667187,25.0
232000.0,3.888950547752952,10.602198145766542,25.0
233000.0,3.8909865686972354,10.79535039356303,25.0
234000.0,3.8986709816938885,9.371930965136134,25.0
235000.0,3.893131834144928,9.409158512156768,25.0
236000.0,3.8973288267067576,9.115744071456541,25.0
237000.0,3.893563676127885,9.518072884633913,25.0
238000.0,3.8990053997684524,8.446831599358354,25.0
239000.0,3.895869472319533,9.42886052168404,25.0
240000.0,3.888725725699754,10.648457699900263,25.0
241000.0,3.8864834653470943,10.769210947640753,25.0
242000.0,3.8763736209902517,12.308804456244468,25.0
243000.0,3.874389610886231,12.57133583880314,25.0
244000.0,3.8659656242266367,14.62274408321621,25.0
245000.0,3.8657291656055524,14.758351803352289,25.0
246000.0,3.862686740599443,15.371304752677306,25.0
247000.0,3.8511159191277162,17.726835104500942,25.0
248000.0,3.856038385648438,16.740484804756917,25.0
249000.0,3.851024741580431,16.31374717554222,25.0
250000.0,3.8535900701652275,17.048834141026052,25.0
251000.0,3.849707141056233,16.967255734276115,25.0
252000.0,3.850546342560222,17.5865853040928,25.0
253000.0,3.853028105211271,16.698999853894193,25.0
254000.0,3.848136649268193,17.718644858558857,25.0
255000.0,3.844191853427333,17.95814387393837,25.0
256000.0,3.8478216316435843,17.479660085224825,25.0
257000.0,3.8392789533788187,18.24847495143083,25.0
258000.0,3.8451308337272523,18.17979854811224,25.0
259000.0,3.831399656365025,20.27262929782339,25.0
260000.0,3.831146004759226,19.32754096890655,25.0
261000.0,3.834117587974424,20.105241115785333,25.0
262000.0,3.832824908722702,20.518134948790145,25.0
263000.0,3.821555756519808,21.657161604032808,25.0
264000.0,3.8202389873128184,22.65721032709995,25.0
265000.0,3.809513914408401,23.91383378275633,25.0
266000.0,3.8048943630392005,24.12189790477641,25.0
267000.0,3.8025452441006475,25.245083292921866,25.0
268000.0,3.8018660131495037,25.53932529851987,25.0
269000.0,3.7949617162498805,26.72659190643886,25.0
270000.0,3.7810353645474204,29.37790377913797,25.0
271000.0,3.7851603797093145,28.49595322142973,25.0
272000.0,3.7892767391278053,27.510682095790262,25.0
273000.0,3.7897887256411398,27.10969150994833,25.0
274000.0,3.7883535419626297,27.11886539790867,25.0
275000.0,3.7871210953438106,27.375819443446368,25.0
276000.0,3.787521842195447,27.136381187492365,25.0
277000.0,3.7905206739930026,26.432267376484205,25.0
278000.0,3.791476124581795,25.800531004197993,25.0
279000.0,3.7872642104723595,26.74930668801486,25.0
280000.0,3.7925784807723066,25.814299993767456,25.0
281000.0,3.796971367133698,24.90878621323367,25.0
282000.0,3.7979401213465795,24.451975294841017,25.0
283000.0,3.800783445012241,23.723862076662645,25.0
284000.0,3.8107546889405803,21.90858413558454,25.0
285000.0,3.8064289405995297,22.785752974904163,25.0
286000.0,3.812023576138028,21.509078709611558,25.0
287000.0,3.810086042084258,20.826424889380675,25.0
288000.0,3.815031910380924,20.260003338569337,25.0
289000.0,3.817343456971591,20.169653487626142,25.0
290000.0,3.8252772766167995,18.414734595796187,25.0
291000.0,3.829986120810594,17.454688265474804,25.0
292000.0,3.8279244095974754,17.64118561295061,25.0
293000.0,3.831345655478185,16.409268701670456,25.0
294000.0,3.847992906760603,13.835368899945378,25.0
295000.0,3.847250625062552,12.887820790537837,25.0
296000.0,3.8621875052239907,10.779764842796947,25.0
297000.0,3.866637300619462,9.439754945246099,25.0
298000.0,3.875292697315903,7.083081976031047,25.0
299000.0,3.879547316470811,6.630429915413108,25.0
300000.0,3.888720599143163,5.405477054351626,25.0
301000.0,3.8882631601468263,4.7554334904123685,25.0
302000.0,3.888400431678619,4.457395623191596,25.0
303000.0,3.901695663480253,2.1467310497289955,25.0
304000.0,3.890651912607311,4.133969912418895,25.0
305000.0,3.889970223113378,4.07843082358048,25.0
306000.0,3.8925448944245624,4.220138148805909,25.0
307000.0,3.892810819435202,4.2919467272194805,25.0
308000.0,3.886205520521188,5.053457052126534,25.0
309000.0,3.8847722486325407,5.747189749699804,25.0
310000.0,3.8814988485186537,6.011380261610448,25.0
311000.0,3.879049087516588,6.5888223447458225,25.0
312000.0,3.871416793820092,8.174457047014812,25.0
313000.0,3.8758748431901995,7.79349231146341,25.0
314000.0,3.8642928172644897,9.680038993151504,25.0
315000.0,3.859016744011473,10.088406231865251,25.0
316000.0,3.8642692121470437,9.597847177358787,25.0
317000.0,3.8612903502215876,9.855009051965343,25.0
318000.0,3.8621501493795423,9.540003198593901,25.0
319000.0,3.8571980046062735,10.33753225920472,25.0
320000.0,3.859407016944216,10.173950880985236,25.0
321000.0,3.8613688535346555,9.72160191242341,25.0
322000.0,3.861826467431141,9.448890850472889,25.0
323000.0,3.8561230830508215,10.150858046750535,25.0
324000.0,3.8536202224282654,10.478692803420966,25.0
325000.0,3.859729472940715,9.94308182530906,25.0
326000.0,3.8582725457346014,10.209176250444612,25.0
327000.0,3.8640353750007197,9.811986424725129,25.0
328000.0,3.8579788966367827,10.033784603004714,25.0
329000.0,3.8610472357170447,9.854358544303155,25.0
330000.0,3.859706611380081,10.14702107148749,25.0
331000.0,3.861472057681069,9.245113743482136,25.0
332000.0,3.8561519172487113,10.322095261594844,25.0
333000.0,3.8570883907998907,9.885033759198343,25.0
334000.0,3.8598014743441835,10.179304033824693,25.0
335000.0,3.8547493010050102,9.829844936266895,25.0
336000.0,3.8558108831577242,10.160180594687052,25.0
337000.0,3.8619088817503386,9.46371859793554,25.0
338000.0,3.855147720005461,10.176038363779496,25.0
339000.0,3.865365397602987,7.90075756127482,25.0
340000.0,3.869155236121289,7.428259732656388,25.0
341000.0,3.870210218485485,7.301003658054512,25.0
342000.0,3.8706059939062136,7.204709628837459,25.0
343000.0,3.8760379704210357,5.971112928150016,25.0
344000.0,3.8809542669379744,5.147981250720144,25.0
345000.0,3.886511406463666,4.0913025056717345,25.0
346000.0,3.8810630971031146,4.341258540384212,25.0
347000.0,3.8832848711871026,4.168287136822978,25.0
348000.0,3.8821375904251556,4.878152950460061,25.0
349000.0,3.8840813075902405,4.314717648688317,25.0
350000.0,3.8884153613194274,3.326607044462521,25.0
351000.0,3.8793129905353867,5.307050449850671,25.0
352000.0,3.8842378346046234,4.409730784455593,25.0
353000.0,3.879635235796127,4.586044707317575,25.0
354000.0,3.8703303017682473,6.278542373179092,25.0
355000.0,3.8711342843795227,6.118396461732274,25.0
356000.0,3.8744274438851196,6.636783114911743,25.0
357000.0,3.8632888326712655,7.668973136012791,25.0
358000.0,3.8592552862698826,8.76862025528587,25.0
359000.0,3.8546883626681407,9.66162949646439,25.0
360000.0,3.8586471200616446,9.312398799973618,25.0
361000.0,3.8397514080286883,11.941287947508783,25.0
362000.0,3.8408087443211363,12.354943132815572,25.0
363000.0,3.841677740963797,12.626219839717582,25.0
364000.0,3.837656337126098,13.333080508958968,25.0
365000.0,3.8317351276631055,14.174236596466283,25.0
366000.0,3.8228223846895637,15.6239951175371,25.0
367000.0,3.823989999733091,16.126614944720615,25.0
368000.0,3.8127016998529726,16.938822592721113,25.0
369000.0,3.8094278622100175,18.57745619778263,25.0
370000.0,3.8050341828366085,19.18228367191314,25.0
371000.0,3.8026425047258363,19.606217001058617,25.0
372000.0,3.794839439346389,20.94725833935719,25.0
373000.0,3.7889191871193986,22.0114563520499,25.0
374000.0,3.7924398815802687,21.49710275814462,25.0
375000.0,3.7831357972635464,22.426276119286737,25.0
376000.0,3.775328819490676,23.84791777870304,25.0
377000.0,3.7751017345654376,24.348097589132973,25.0
378000.0,3.7726877309286757,24.675655326968062,25.0
379000.0,3.767339537474983,25.67728081679684,25.0
380000.0,3.772771788900413,25.044351403560363,25.0
381000.0,3.7665898204660593,25.298548518505054,25.0
382000.0,3.7651136976709,26.01056455892836,25.0
383000.0,3.7616033273065552,26.447180882252955,25.0
384000.0,3.7698324323358725,25.473503760858677,25.0
385000.0,3.7636264871534264,25.090934935036863,25.0
386000.0,3.7687093228144204,24.302327376943005,25.0
387000.0,3.770137508034984,23.94146404466017,25.0
388000.0,3.7766980317889804,23.23105028437845,25.0
389000.0,3.7708871195805678,23.4310002068148,25.0
390000.0,3.7764566957914245,23.201293111285,25.0
391000.0,3.7809540237137815,22.1720055284225,25.0
392000.0,3.779963172876846,21.975986861237608,25.0
393000.0,3.7808814417891745,21.520742472246887,25.0
394000.0,3.774627267010273,21.875937458912023,25.0
395000.0,3.779372681084451,21.522346374499595,25.0
396000.0,3.772218859409754,22.209756645710964,25.0
397000.0,3.780577181964482,20.86394738083586,25.0
398000.0,3.7772980491671677,21.650844051832095,25.0
399000.0,3.775028044057033,21.801244182349564,25.0
400000.0,3.778298569068173,21.5515115245052,25.0
401000.0,3.772362761125545,22.20832170130979,25.0
402000.0,3.7730456523435483,21.40262471579904,25.0
403000.0,3.7635764064719166,23.394204686688134,25.0
404000.0,3.7702331546920678,21.870546026189505,25.0
405000.0,3.765062638679501,23.187825691640317,25.0
406000.0,3.7761817164321667,21.483789574989853,25.0
407000.0,3.772110695774142,21.90320855451292,25.0
408000.0,3.7788557087030084,20.387747527960027,25.0
409000.0,3.7776658571220243,19.8827140838516,25.0
410000.0,3.7888014461548596,19.02667187785337,25.0
411000.0,3.7850947932177688,18.72219604282424,25.0
412000.0,3.797366465731989,17.160485850292993,25.0
413000.0,3.8013734778135673,14.967031236823424,25.0
414000.0,3.8005548620728256,15.182276503716881,25.0
415000.0,3.80870181455085,14.750598973389888,25.0
416000.0,3.8071580163435357,13.522176332284511,25.0
417000.0,3.811444075071348,13.200730796384585,25.0
418000.0,3.8136867943358723,12.38917583680496,25.0
419000.0,3.820058738742635,10.868161307423106,25.0
420000.0,3.8338246372351565,9.255177302808761,25.0
421000.0,3.8200984916750436,10.692082555002948,25.0
422000.0,3.824410415420748,10.541526750053409,25.0
423000.0,3.8280392304144235,9.850404432866489,25.0
424000.0,3.817563522687644,11.054144205696376,25.0
425000.0,3.821683335266017,9.825562269953668,25.0
426000.0,3.823662902831658,9.431440139790812,25.0
427000.0,3.8229566797496006,9.922063283124498,25.0
428000.0,3.823783186390039,10.120378015288154,25.0
429000.0,3.832960674316995,8.283803133822172,25.0
430000.0,3.828524222396776,8.923491678917747,25.0
431000.0,3.839430994067785,6.734907515998632,25.0
432000.0,3.840358054563761,6.950499624435793,25.0
433000.0,3.844018752564207,6.10428096434759,25.0
434000.0,3.847647528836242,5.194906948568277,25.0
435000.0,3.844791505668818,5.344114066652247,25.0
436000.0,3.8557442186913184,3.6869974781651975,25.0
437000.0,3.848617286965915,4.857011535810621,25.0
438000.0,3.850928287624269,4.001026613305237,25.0
439000.0,3.852521810961835,3.7324374129536673,25.0
440000.0,3.8523812106196473,4.4657405059467905,25.0
441000.0,3.8517234237951516,4.823610409028697,25.0
442000.0,3.8460205191529324,4.992133437516815,25.0
443000.0,3.8376429534091154,6.025526475192224,25.0
444000.0,3.842556679935275,6.081494085160683,25.0
445000.0,3.8359187826678145,6.785027658090927,25.0
446000.0,3.840207850140568,6.550552446012497,25.0
447000.0,3.832530011375572,7.612842030076187,25.0
448000.0,3.8324932764339277,8.62766715626077,25.0
449000.0,3.825419574315471,9.156090275887955,25.0
450000.0,3.821818213110144,10.150817616586604,25.0
451000.0,3.8170395943942785,10.213052383067284,25.0
452000.0,3.8125527149196534,10.422121958840767,25.0
453000.0,3.820588765021416,9.949195554614988,25.0
454000.0,3.821235469661144,9.825100392304059,25.0
455000.0,3.8231242305066564,9.585842174891726,25.0
456000.0,3.82051580642498,9.554133836928864,25.0
457000.0,3.8136612734129742,10.586225613673161,25.0
458000.0,3.815944819671669,9.957739255998774,25.0
459000.0,3.8178461975022984,10.393472190545271,25.0
460000.0,3.823161649421109,9.351318076828624,25.0
461000.0,3.8214077324026667,9.030915946080409,25.0
462000.0,3.8197029569613097,9.475454384500019,25.0
463000.0,3.8136270903737244,10.573313483754752,25.0
464000.0,3.8112815688382766,10.53403871991623,25.0
465000.0,3.817103232895355,10.166019303926042,25.0
466000.0,3.821032711163276,9.59891492492002,25.0
467000.0,3.8170268642898373,9.934598679217073,25.0
468000.0,3.814850718344889,9.851119760100534,25.0
469000.0,3.8172233970374316,9.827513326952342,25.0
470000.0,3.8255584371556983,8.746965081342184,25.0
471000.0,3.8227970965390696,9.571036807018901,25.0
472000.0,3.817217786502047,9.904945562158883,25.0
473000.0,3.812733350286022,10.339675052441315,25.0
474000.0,3.817670691376154,8.832901384659303,25.0
475000.0,3.8192992225409,8.64832328317743,25.0
476000.0,3.830353340580411,6.986317168904938,25.0
477000.0,3.834042173673132,6.346944195621235,25.0
478000.0,3.84630218020312,3.8823389122188647,25.0
479000.0,3.8370803173309187,5.5036006479631725,25.0
480000.0,3.836542663910201,5.077395407963057,25.0
481000.0,3.830459243245248,6.2608236197519425,25.0
482000.0,3.8360060591448946,5.816357375765356,25.0
483000.0,3.8285508926023475,6.8957660766130395,25.0
484000.0,3.830186464684358,7.393301495244556,25.0
485000.0,3.8206712984901072,8.161767761311923,25.0
486000.0,3.820114649701028,9.499412817609661,25.0
487000.0,3.808290987392695,10.885359551977437,25.0
488000.0,3.799159404241151,13.024753154369005,25.0
489000.0,3.7954567447261,13.714065843734135,25.0
490000.0,3.7888831327980523,14.74800193704676,25.0
491000.0,3.7755196443745973,16.69492595899214,25.0
492000.0,3.7704857567281183,18.24850036058973,25.0
493000.0,3.7687001044372006,19.33582687600763,25.0
494000.0,3.7504879806108606,21.78092912201384,25.0
495000.0,3.7489230846739887,21.78374761586953,25.0
496000.0,3.744310894201913,23.269834544551564,25.0
497000.0,3.738209797315024,24.321160339040105,25.0
498000.0,3.7381111335827573,23.893089639010597,25.0
499000.0,3.7318039415880344,25.27669709733933,25.0
500000.0,3.7270590034862883,26.234903793216777,25.0
501000.0,3.7265294379428804,26.26495306751909,25.0
502000.0,3.7304954893992015,25.598738266078367,25.0
503000.0,3.7268719861692428,26.440350163232,25.0
504000.0,3.7192389482217707,27.73516899456489,25.0
505000.0,3.7195997575990605,27.535832495735875,25.0
506000.0,3.7214057695987424,27.60172734396351,25.0
507000.0,3.7177071771497445,27.99899042807021,25.0
508000.0,3.707825842569357,28.261918591631858,25.0
509000.0,3.7155737214366256,27.62109900728333,25.0
510000.0,3.711435461601901,27.854799959963522,25.0
511000.0,3.711702774107723,28.04678845041574,25.0
512000.0,3.7161587141151107,27.629415255735264,25.0
513000.0,3.7132598067995257,27.711664351443847,25.0
514000.0,3.709541000088991,28.255592693799507,25.0
515000.0,3.7192404591203294,26.90275494085721,25.0
516000.0,3.7071721345461826,28.08234864788034,25.0
517000.0,3.711131159970408,27.744119865640627,25.0
518000.0,3.724748710601828,25.168559676119976,25.0
519000.0,3.7254468147746835,24.720135957927585,25.0
520000.0,3.7276483128174616,23.70768219298875,25.0
521000.0,3.7385080645341193,21.89880530254911,25.0
522000.0,3.745906490913399,20.665054133151894,25.0
523000.0,3.74941515526044,19.701969235104237,25.0
524000.0,3.752367924120537,19.01813138050849,25.0
525000.0,3.7606837202710617,17.2761027191777,25.0
526000.0,3.7594071323403018,17.394594692868743,25.0
527000.0,3.7650303576900597,15.650979682410386,25.0
528000.0,3.7720333271463318,14.561715527013233,25.0
529000.0,3.773376591299643,14.531787510721653,25.0
530000.0,3.771637697305872,13.404294079456932,25.0
531000.0,3.7828883726347637,12.650133285384749,25.0
532000.0,3.786236228914756,11.762925106184625,25.0
533000.0,3.780059457002629,12.38339046343154,25.0
534000.0,3.784861895886952,11.509347740754698,25.0
535000.0,3.7897658428390617,10.700311485753756,25.0
536000.0,3.795420128595896,9.774295273979073,25.0
537000.0,3.789715156245913,10.561876283150259,25.0
538000.0,3.7971198799423,9.655818157865003,25.0
539000.0,3.797456222530154,9.249035630733495,25.0
540000.0,3.791818066926335,9.86042424726612,25.0
541000.0,3.7908534521557873,10.140735551295311,25.0
542000.0,3.789549102300735,10.641240616841582,25.0
543000.0,3.7928415780460676,10.141225912642625,25.0
544000.0,3.791236584427276,10.403009763585375,25.0
545000.0,3.794556618128399,9.387058647388423,25.0
546000.0,3.7918578876524576,9.988733911266221,25.0
547000.0,3.790945477184067,10.062105659652252,25.0
548000.0,3.7905967700561836,10.431123092309955,25.0
549000.0,3.788640708870836,10.05803033671551,25.0
550000.0,3.7899011157925147,10.402039479059937,25.0
551000.0,3.788056835444,9.747900376111433,25.0
552000.0,3.7903166968850615,10.178977453106578,25.0
553000.0,3.7895846784849208,10.20743320062721,25.0
554000.0,3.7930324511028766,9.375112137706674,25.0
555000.0,3.785020397953875,10.087769314283822,25.0
556000.0,3.793460511246892,9.839818736524297,25.0
557000.0,3.7958897667920493,9.047956025691983,25.0
558000.0,3.786809738955105,10.479203340070699,25.0
559000.0,3.790770919104926,9.81907065984785,25.0
560000.0,3.7890080442945373,9.57380497093707,25.0
561000.0,3.790535468784484,9.811341628153093,25.0
562000.0,3.7911494318016934,10.06910015157416,25.0
563000.0,3.784143568191019,10.335415899708842,25.0
564000.0,3.800011342908726,8.669563253590416,25.0
565000.0,3.7960089446900804,8.184082888525284,25.0
566000.0,3.799947347705328,7.869960311733545,25.0
567000.0,3.802135084713679,6.740063751882107,25.0
568000.0,3.806304280162841,6.366331855955432,25.0
569000.0,3.8095136966545633,5.033680548884188,25.0
570000.0,3.809866176342194,5.189372240530338,25.0
571000.0,3.814532313441228,4.407908872564435,25.0
572000.0,3.812053561716153,4.715431261088606,25.0
573000.0,3.8187113606714598,3.5310888417942934,25.0
574000.0,3.820662775231488,3.613876161264053,25.0
575000.0,3.810527441582061,4.725519268279434,25.0
576000.0,3.8132467126988825,4.195618915944388,25.0
577000.0,3.8144891772371383,4.42775539885277,25.0
578000.0,3.8099956112409243,5.064560774344849,25.0
579000.0,3.808357825098988,5.196382318459201,25.0
580000.0,3.8024629242397245,6.809245026146002,25.0
581000.0,3.8040029778031963,6.1959030887627975,25.0
582000.0,3.7992403019451073,7.484281142364927,25.0
583000.0,3.793164519070617,8.519652257949145,25.0
584000.0,3.7897087012080966,9.112737859706316,25.0
585000.0,3.7873649201303357,9.598856227316059,25.0
586000.0,3.789524439710528,9.56580540162374,25.0
587000.0,3.7866836632419387,10.212697212910411,25.0
588000.0,3.7871751706171115,9.48475977491665,25.0
589000.0,3.781056183793023,10.32312135285752,25.0
590000.0,3.7853165804304245,9.237925818177354,25.0
591000.0,3.781267494073993,9.722508451641659,25.0
592000.0,3.7817133896194406,10.018153011184873,25.0
593000.0,3.7853848691604135,9.373924028277692,25.0
594000.0,3.7820397568954367,10.326005431763296,25.0
595000.0,3.7798571348640424,9.99073059334525,25.0
596000.0,3.7888250332925613,9.481963159205229,25.0
597000.0,3.7891134013543115,9.240555885124802,25.0
598000.0,3.7894117316449645,9.217205314313679,25.0
599000.0,3.781672859446441,10.025516972565164,25.0
600000.0,3.7860092198948334,9.421584946466734,25.0
601000.0,3.779251165931273,10.259607412006748,25.0
602000.0,3.776512369496903,11.765899371071646,25.0
603000.0,3.7598120486820097,13.954570633150666,25.0
604000.0,3.7613034778802747,13.881180615336334,25.0
605000.0,3.7591095745468914,15.040202228595678,25.0
606000.0,3.7578043909784755,15.668665071883321,25.0
607000.0,3.746466052066339,16.842114174869653,25.0
608000.0,3.7485446414129915,16.231176407667203,25.0
609000.0,3.741650139583176,16.709102865308992,25.0
610000.0,3.747909579756497,17.078554562851036,25.0
611000.0,3.745273506700971,16.977714845527682,25.0
612000.0,3.740656953196706,16.957426417453682,25.0
613000.0,3.7464869360149153,16.82687877627161,25.0
614000.0,3.74384011996923,17.18709484146708,25.0
615000.0,3.7417778130717174,17.14467072670551,25.0
616000.0,3.7437443254115568,16.60258722376243,25.0
617000.0,3.7411588159286344,17.569598727716674,25.0
618000.0,3.7335040596440052,18.8330009959766,25.0
619000.0,3.7284132989948855,19.878264238738847,25.0
620000.0,3.725961169248139,20.586400835708467,25.0
621000.0,3.726521103256575,20.38015420946404,25.0
622000.0,3.7196671566033395,21.497745771493854,25.0
623000.0,3.7149617677972016,22.284211196974738,25.0
624000.0,3.7106477258903743,22.31401874851432,25.0
625000.0,3.7086997729939144,22.680969299853672,25.0
626000.0,3.7033137940212013,24.442584887486618,25.0
627000.0,3.7024192348880933,24.456869773637372,25.0
628000.0,3.6935267401680214,26.087605175249426,25.0
629000.0,3.6868745063263515,27.444351563216568,25.0
630000.0,3.684318232931335,27.289965255949976,25.0
631000.0,3.682512047264676,27.991479317548148,25.0
632000.0,3.6762045597408175,28.52140317428345,25.0
633000.0,3.680557689429713,27.95914636772296,25.0
634000.0,3.6821986008229546,27.867817663583335,25.0
635000.0,3.6785773045066756,27.840035080111626,25.0
636000.0,3.6825622483179337,27.98549882937834,25.0
637000.0,3.685901147710193,26.880159217811254,25.0
638000.0,3.684956742871195,27.05856866828341,25.0
639000.0,3.6865209748663337,26.00603282722194,25.0
640000.0,3.6871074593858477,25.315372860403187,25.0
641000.0,3.688299987184156,25.25348070782638,25.0
642000.0,3.695274471458393,24.259399474753252,25.0
643000.0,3.695922921584659,23.70206269834223,25.0
644000.0,3.700604351200364,23.072736543372006,25.0
645000.0,3.7064715973923366,21.580209963591297,25.0
646000.0,3.7019825006372367,22.097100653289772,25.0
647000.0,3.711602308134937,20.695849359599364,25.0
648000.0,3.7128772727354167,20.526499980930396,25.0
649000.0,3.7082960376856673,20.52848702051292,25.0
650000.0,3.7193255361760023,18.73949983844637,25.0
651000.0,3.7224399034055824,17.90082441608811,25.0
652000.0,3.7218246288792582,18.003214267615302,25.0
653000.0,3.7291906312868406,16.305237132082738,25.0
654000.0,3.7340836424917967,14.803099302518804,25.0
655000.0,3.7509876668729216,12.428976334897895,25.0
656000.0,3.75148387389324,11.299622664439982,25.0
657000.0,3.763375666328117,8.946024562390875,25.0
658000.0,3.774105914872941,7.3755612532528225,25.0
659000.0,3.777325415870534,6.5121048298353355,25.0
660000.0,3.785282795757838,4.504660991657119,25.0
661000.0,3.7838922462413622,4.820456144221259,25.0
662000.0,3.782027126165607,5.374067910058667,25.0
663000.0,3.7922880905667182,3.1897923593167206,25.0
664000.0,3.7922017998591304,3.627552849824803,25.0
665000.0,3.783390629556006,4.651226572848095,25.0
666000.0,3.7885047986419425,4.2211218174824605,25.0
667000.0,3.785922953528693,5.187780647101252,25.0
668000.0,3.7864978174527026,4.520742428103321,25.0
669000.0,3.7782993334964963,5.706803136039615,25.0
670000.0,3.7767116931973,6.067996182969296,25.0
671000.0,3.7740124458606528,6.890669776037346,25.0
672000.0,3.7683688893706133,7.725138151072886,25.0
673000.0,3.7718794878729733,7.736172683769984,25.0
674000.0,3.761118837624531,8.627892651559863,25.0
675000.0,3.757549275903554,10.699622003447711,25.0
676000.0,3.7527761121196304,10.146606855790477,25.0
677000.0,3.7570117794156555,10.053173166476313,25.0
678000.0,3.7551062790900342,9.977962638693223,25.0
679000.0,3.757714899117521,10.178271249353058,25.0
680000.0,3.7581075778892004,9.422031630297276,25.0
681000.0,3.756812016770524,9.500486334052301,25.0
682000.0,3.7524525020260904,10.652254123603216,25.0
683000.0,3.7549842140497454,10.075637610923582,25.0
684000.0,3.7499905391528072,10.425150436827018,25.0
685000.0,3.7582046052372586,9.697167996539363,25.0
686000.0,3.7473637205826673,10.688362690179652,25.0
687000.0,3.756870150705037,10.17263920265976,25.0
688000.0,3.7533174530183815,10.240622909625042,25.0
689000.0,3.755513576322469,10.27436466885789,25.0
690000.0,3.755568818329194,9.601495380313935,25.0
691000.0,3.75766675245177,9.06713956829997,25.0
692000.0,3.7584009246243424,9.462598666457449,25.0
693000.0,3.7489798182867706,10.81526142869318,25.0
694000.0,3.747664875346861,10.650341985160242,25.0
695000.0,3.7544955815957617,9.826539316011015,25.0
696000.0,3.7516093124225898,9.849161836481928,25.0
697000.0,3.7507983158524776,10.518302938617927,25.0
698000.0,3.7584804730161934,9.497256221158441,25.0
699000.0,3.764433014240046,8.10289992002809,25.0
700000.0,3.7599633394879564,8.580650686344152,25.0
701000.0,3.7652539731352324,7.421759912241596,25.0
702000.0,3.7758391485035983,5.215118628743404,25.0
703000.0,3.7727934286928466,5.675454724481132,25.0
704000.0,3.776325519305402,5.343770580001864,25.0
705000.0,3.776691050907174,5.0444709908227665,25.0
706000.0,3.7788017506887086,4.512972467255116,25.0
707000.0,3.7832796166171865,3.860354743722216,25.0
708000.0,3.7780537086179278,3.974989105775366,25.0
709000.0,3.7850449512444966,4.151055196857224,25.0
710000.0,3.783280175492627,3.957151439119741,25.0
711000.0,3.778401795562681,4.107710542375955,25.0
712000.0,3.775710829689785,5.233277691537429,25.0
713000.0,3.776523724911213,4.552470722035125,25.0
714000.0,3.773544222646995,5.366399311580644,25.0
715000.0,3.7739208446380803,5.12763983535627,25.0
716000.0,3.7679773376835968,7.090969396326488,25.0
717000.0,3.7573990392053007,7.973712371468607,25.0
718000.0,3.757141436733844,8.620419281396211,25.0
719000.0,3.7493657447493396,9.62379763797025,25.0
720000.0,3.749451007168069,10.220353372381757,25.0
721000.0,3.744190819949589,11.113304907849674,25.0
722000.0,3.7367684248485507,12.118485872311627,25.0
723000.0,3.7394047056714785,12.682166154747506,25.0
724000.0,3.731130774306323,14.336574366017864,25.0
725000.0,3.725854281560754,14.484456779338295,25.0
726000.0,3.7260084002392406,14.831129936171463,25.0
727000.0,3.714153453822653,16.87551489862464,25.0
728000.0,3.707750727671591,18.24661096534016,25.0
729000.0,3.71274370209549,17.691753435666435,25.0
730000.0,3.702507217651043,18.949184435203595,25.0
731000.0,3.70369834289958,19.4607816249115,25.0
732000.0,3.6945097497418384,20.389842916200685,25.0
733000.0,3.6896933529282925,21.350813524786837,25.0
734000.0,3.692876213388779,21.423446688068896,25.0
735000.0,3.6833986259230347,22.589095225724158,25.0
736000.0,3.678067609827899,22.643623165401856,25.0
737000.0,3.676831516585377,23.70451348725478,25.0
738000.0,3.6720284307129516,23.969271071755774,25.0
739000.0,3.6678093970051546,24.56653987328753,25.0
740000.0,3.6679565752502965,24.72850192779077,25.0
741000.0,3.660411442319595,26.647794729756978,25.0
742000.0,3.6567559359393695,26.69834777993658,25.0
743000.0,3.6620111702224936,25.42717681275665,25.0
744000.0,3.662824531451118,25.573133351382342,25.0
745000.0,3.666759599742308,24.99932471329764,25.0
746000.0,3.666841029310685,24.444355372408868,25.0
747000.0,3.669720976039216,23.528236860679453,25.0
748000.0,3.6646139436357825,24.110636754559128,25.0
749000.0,3.672239462251785,23.049335211187998,25.0
750000.0,3.6750844438274903,23.037922032038153,25.0
751000.0,3.67675870382509,22.67560638076486,25.0
752000.0,3.675429706735859,22.76734241480838,25.0
753000.0,3.6823695375881536,20.90382261963127,25.0
754000.0,3.674688941929996,22.479612906806427,25.0
755000.0,3.6783606741071764,22.11222599207561,25.0
756000.0,3.6757183019728097,21.69921119170958,25.0
757000.0,3.6732359010653246,22.603479513771724,25.0
758000.0,3.673478602681485,21.572082101200188,25.0
759000.0,3.6760713954138757,21.989987940561335,25.0
760000.0,3.676509749195475,21.36252461936667,25.0
761000.0,3.6690745821069943,22.483733341594327,25.0
762000.0,3.6739153169880656,22.205799025155418,25.0
763000.0,3.670234751669379,22.10920309889545,25.0
764000.0,3.6628747973364493,23.600037851990656,25.0
765000.0,3.672385342013262,22.575522229087404,25.0
766000.0,3.6694513676371363,22.048781578263736,25.0
767000.0,3.673937069121654,21.229127060234035,25.0
768000.0,3.6786386940071676,20.2022990846463,25.0
769000.0,3.6818808743058655,20.06913883053572,25.0
770000.0,3.6797817584009858,19.36920480186638,25.0
771000.0,3.6907104234884107,18.34901525918122,25.0
772000.0,3.6984364170666546,16.14097044464194,25.0
773000.0,3.6939337224493656,16.95462159352707,25.0
774000.0,3.700309364518177,15.387186723837504,25.0
775000.0,3.70822086113089,14.050581105900712,25.0
776000.0,3.711235010377225,14.044050914245267,25.0
777000.0,3.7132038821392697,13.097245080911193,25.0
778000.0,3.7193662290968197,11.359975487677069,25.0
779000.0,3.7162428701415435,12.178265051789241,25.0
780000.0,3.7317050261812663,9.395186725312268,25.0
781000.0,3.731947915361565,9.133498647807771,25.0
782000.0,3.7296529303643537,9.422914286850842,25.0
783000.0,3.72477148025201,10.710399921445031,25.0
784000.0,3.7280854346795653,9.912071637148243,25.0
785000.0,3.7255218300651185,9.813971656075903,25.0
786000.0,3.7228979296687377,9.968921139433336,25.0
787000.0,3.7288873678370735,9.701693046041848,25.0
788000.0,3.733755344631555,9.236329450871786,25.0
789000.0,3.732256563784449,8.43192210819068,25.0
790000.0,3.7341161863056507,8.301856901779704,25.0
791000.0,3.7400008373222855,7.693398566120536,25.0
792000.0,3.7493732319333892,5.945742205253725,25.0
793000.0,3.745888955240086,5.9516637631152065,25.0
794000.0,3.7495800791429357,5.666039098984239,25.0
795000.0,3.755496341798164,4.262971602540358,25.0
796000.0,3.7531943240008503,4.1856135765906695,25.0
797000.0,3.7528259012521166,3.6591935611886326,25.0
798000.0,3.7563387080269135,3.38735435628175,25.0
799000.0,3.755499544370309,4.054586472280425,25.0
800000.0,3.75718489333708,3.723087296261686,25.0
801000.0,3.7508449087275424,4.609225446801331,25.0
802000.0,3.750135427254145,4.59252476089733,25.0
803000.0,3.7453706225788386,5.232088242272246,25.0
804000.0,3.744302893879024,5.39498959082572,25.0
805000.0,3.7451693249125557,5.825775650586236,25.0
806000.0,3.7374134997573965,6.775147847047317,25.0
807000.0,3.7365024429332614,7.557082076406942,25.0
808000.0,3.7326212979196853,7.993248117839688,25.0
809000.0,3.726297543933791,9.37825912179463,25.0
810000.0,3.726258423078873,10.373297427988122,25.0
811000.0,3.723390781198118,10.079041352665463,25.0
812000.0,3.7185391575809166,10.85674544425078,25.0
813000.0,3.7245508460605183,9.683830495174643,25.0
814000.0,3.7188954297830863,10.26029820910055,25.0
815000.0,3.7266616709719727,9.79563259973547,25.0
816000.0,3.723896168772614,10.117314751837629,25.0
817000.0,3.723617839001096,9.585025330208957,25.0
818000.0,3.7201070482340097,10.557561688682384,25.0
819000.0,3.7204650795968326,10.08801045287863,25.0
820000.0,3.719880606551761,10.596122249786584,25.0
821000.0,3.7223592691920637,9.36695221158812,25.0
822000.0,3.723481912654358,9.753242395399612,25.0
823000.0,3.7267734664732024,9.553717099860965,25.0
824000.0,3.723591811420958,9.73402906735425,25.0
825000.0,3.7217474108695083,9.653695151407089,25.0
826000.0,3.723225059351432,9.939729532856354,25.0
827000.0,3.7247913792989813,9.991376428136078,25.0
828000.0,3.722233594415737,9.97950756765172,25.0
829000.0,3.7220748419804806,9.722238063244086,25.0
830000.0,3.7182454458208185,10.093712588944333,25.0
831000.0,3.7188209512323107,10.43780774776545,25.0
832000.0,3.7260530736869404,9.548862217005539,25.0
833000.0,3.717839531958415,9.58190547003624,25.0
834000.0,3.727989306412835,8.715494410505501,25.0
835000.0,3.728842308794198,8.182056457157916,25.0
836000.0,3.7365818203967827,7.151241330897788,25.0
837000.0,3.7366008247942846,6.465456084447646,25.0
838000.0,3.7380588937935673,5.336501886131977,25.0
839000.0,3.746542761694927,5.282787397889544,25.0
840000.0,3.744846463595159,4.342905332643799,25.0
841000.0,3.7422190835817615,5.636796209054288,25.0
842000.0,3.7384062695381193,6.00812851401852,25.0
843000.0,3.7341728054190955,6.868618207321828,25.0
844000.0,3.7322456593919884,7.300470289059938,25.0
845000.0,3.721492159880514,9.151775083742955,25.0
846000.0,3.717542355458378,10.20212375544409,25.0
847000.0,3.7111703887405287,11.488620778545314,25.0
848000.0,3.702093135901593,13.460727180490727,25.0
849000.0,3.6993704237552003,13.68670035130083,25.0
850000.0,3.6892226760329883,15.744975759784525,25.0
851000.0,3.6868758112302826,16.56207314165929,25.0
852000.0,3.673247060374149,18.336758330729893,25.0
853000.0,3.6672656122041474,19.856611617801427,25.0
854000.0,3.660303390188878,21.341608190378388,25.0
855000.0,3.6524604092130644,23.057050150618082,25.0
856000.0,3.6490138645967733,23.224638668423424,25.0
857000.0,3.645003903663675,24.00909344701617,25.0
858000.0,3.639583458172168,24.829960722419997,25.0
859000.0,3.6366115476026297,25.969997173036848,25.0
860000.0,3.637039848369656,25.167278933628662,25.0
861000.0,3.6387657760264336,25.135051125199144,25.0
862000.0,3.631410251972103,26.20177549199295,25.0
863000.0,3.6279709481605456,26.84941189344001,25.0
864000.0,3.6231995790141514,27.2065058399146,25.0
865000.0,3.624143327829421,27.43277376609659,25.0
866000.0,3.619655739781884,28.198051874547886,25.0
867000.0,3.615903907129583,28.26641502710442,25.0
868000.0,3.618835176228897,27.876760164153257,25.0
869000.0,3.6195929759334367,27.740558064206233,25.0
870000.0,3.616517122119174,27.82699555930875,25.0
871000.0,3.616793782930463,27.79717954909103,25.0
872000.0,3.6217151929613216,27.788594379714862,25.0
873000.0,3.6202039320603707,26.99206484994098,25.0
874000.0,3.618149549279828,27.376136441387185,25.0
875000.0,3.6175934682527395,27.17422486255527,25.0
876000.0,3.6231041157902872,27.024577100463773,25.0
877000.0,3.623740952797925,26.677297670739556,25.0
878000.0,3.623646014424764,26.361282965915944,25.0
879000.0,3.631891697664791,24.524675612502644,25.0
880000.0,3.6363409108522466,23.317047557450426,25.0
881000.0,3.6401748321235994,22.550210223636324,25.0
882000.0,3.6471551673738323,20.91793696162216,25.0
883000.0,3.654392699414877,19.92890444689442,25.0
884000.0,3.6588341609575177,18.98321018613083,25.0
885000.0,3.665139283873391,17.742754386040293,25.0
886000.0,3.6727780079421684,16.606329011050935,25.0
887000.0,3.675791640391984,15.407771902403104,25.0
888000.0,3.6776411101687256,14.953950220601506,25.0
889000.0,3.68340825995659,13.89493263878843,25.0
890000.0,3.6833504520880087,12.838727106395881,25.0
891000.0,3.6884585331878212,12.390085304041433,25.0
892000.0,3.690556712114413,11.319430608908132,25.0
893000.0,3.698153717701148,10.995619669411653,25.0
894000.0,3.6979855845540204,10.161982927495506,25.0
895000.0,3.7008365534890832,10.462051462922659,25.0
896000.0,3.695383985338789,11.230667560135878,25.0
897000.0,3.6976240453919407,10.0971560922728,25.0
898000.0,3.6926076773923473,10.621458612467089,25.0
899000.0,3.696070919570709,10.105283679501193,25.0
900000.0,3.7024942475532483,9.6497255884543,25.0
901000.0,3.6945053014317386,10.669139757563954,25.0
902000.0,3.6938855407758937,10.291102924286571,25.0
903000.0,3.7020504552477367,9.124099717359945,25.0
904000.0,3.6987398156448994,10.520701099093344,25.0
905000.0,3.7036760249387943,9.462604252388374,25.0
906000.0,3.6971006893484053,9.911043026708684,25.0
907000.0,3.696371542828905,10.334056710841947,25.0
908000.0,3.699216707174514,9.85007341970041,25.0
909000.0,3.691310497197025,10.559472027808603,25.0
910000.0,3.6939091562278903,10.380631880256582,25.0
911000.0,3.699824680339766,9.211562194756512,25.0
912000.0,3.698518482323373,9.76378292178311,25.0
913000.0,3.6946296469587434,10.141036866610682,25.0
914000.0,3.6948175804640853,9.712500659367478,25.0
915000.0,3.69719101718255,9.89186174690943,25.0
916000.0,3.6925422960413536,10.399892455694475,25.0
917000.0,3.692392841898443,10.158390653341728,25.0
918000.0,3.6953104563390315,9.53969048242257,25.0
919000.0,3.6944073614491906,10.087303184676818,25.0
920000.0,3.6995430027869602,9.693865182445064,25.0
921000.0,3.6976264899597924,9.392403820385606,25.0
922000.0,3.699741745148645,9.434972074998967,25.0
923000.0,3.691485393961658,9.724938926085743,25.0
924000.0,3.6990594976270628,8.738473002096582,25.0
925000.0,3.7020046284012245,7.950595044325171,25.0
926000.0,3.710532570304649,6.610066099348466,25.0
927000.0,3.713648080215118,6.381323711251432,25.0
928000.0,3.716240416730325,5.313465973371438,25.0
929000.0,3.7172733899425316,4.808738561576359,25.0
930000.0,3.722009497223289,4.7212841988981795,25.0
931000.0,3.7233860966753007,3.745201646939005,25.0
932000.0,3.721550500895593,4.512859275527575,25.0
933000.0,3.7157777781192554,5.27631005342682,25.0
934000.0,3.723264290130158,4.233066662430791,25.0
935000.0,3.7247043905051553,3.569701912429002,25.0
936000.0,3.724056405466245,4.158068145153327,25.0
937000.0,3.725276815070748,3.829516750413843,25.0
938000.0,3.7233719067954114,4.836966374023564,25.0
939000.0,3.713893781538817,5.794788014920315,25.0
940000.0,3.7087843893352925,6.437966724973597,25.0
941000.0,3.708964948385902,6.3046130376714515,25.0
942000.0,3.70295758610868,7.709152968288509,25.0
943000.0,3.6986894414556635,8.924379877600677,25.0
944000.0,3.690761614454503,10.04250718678905,25.0
945000.0,3.6970129009849653,9.649602558650487,25.0
946000.0,3.6946122895928353,9.567899993960358,25.0
947000.0,3.689790705014385,10.027207934560199,25.0
948000.0,3.698096552236214,8.535954913715809,25.0
949000.0,3.6916010620815696,9.734482999424557,25.0
950000.0,3.692410873029235,9.864512515343941,25.0
951000.0,3.6902988565650303,9.770329006231057,25.0
952000.0,3.6975508853447367,9.208063385918738,25.0
953000.0,3.6907645695110616,9.877224446135173,25.0
954000.0,3.6921543940112054,9.611695689972159,25.0
955000.0,3.6904688736046656,10.378741529229062,25.0
956000.0,3.6911307155544204,9.540762591288619,25.0
957000.0,3.6908647054912476,9.85882743511938,25.0
958000.0,3.6941528314412135,9.883526037440799,25.0
959000.0,3.6892134010822675,10.28378571066226,25.0
960000.0,3.696579332557802,8.72704769981696,25.0
961000.0,3.6846600627312656,10.771734744474958,25.0
962000.0,3.675984640795193,12.261319913454576,25.0
963000.0,3.6793841263254445,12.634976252110853,25.0
964000.0,3.6736214793902535,12.978941951525682,25.0
965000.0,3.668291068951598,14.822041898137343,25.0
966000.0,3.658320331062956,15.730649351870804,25.0
967000.0,3.6589942733932763,16.315378395836625,25.0
968000.0,3.6557459923890843,16.322822879253785,25.0
969000.0,3.655543545425775,16.5540212776418,25.0
970000.0,3.6556637322607566,16.79100088557777,25.0
971000.0,3.6550248658520785,16.548906825676003,25.0
972000.0,3.657730137726069,16.093333853333252,25.0
973000.0,3.6493033609527545,16.775173416677497,25.0
974000.0,3.6486579053062296,17.285414425583244,25.0
975000.0,3.6533967678825103,17.278239605005485,25.0
976000.0,3.646054064039184,17.775717311623144,25.0
977000.0,3.644668250013619,18.208681938050944,25.0
978000.0,3.6392066769693914,19.043462276721534,25.0
979000.0,3.632159728168348,20.20163732262887,25.0
980000.0,3.6308357321666627,20.0455001701098,25.0
981000.0,3.6332628570911263,19.62961406434527,25.0
982000.0,3.6380971096822523,19.722581486120678,25.0
983000.0,3.623920609717126,21.78299115728475,25.0
984000.0,3.6167489782872635,22.695842558077388,25.0
985000.0,3.615648531629266,22.94900256216668,25.0
986000.0,3.610724105016531,24.56315729641038,25.0
987000.0,3.6046888485920783,24.95450047832331,25.0
988000.0,3.5974160711010343,26.44890484811773,25.0
989000.0,3.5933194002016853,26.977533933335955,25.0
990000.0,3.586448045191577,28.198731295362318,25.0
991000.0,3.597237294260395,27.103734028529612,25.0
992000.0,3.5902826372725785,27.68216067907928,25.0
993000.0,3.5893188234304225,27.704092127476205,25.0
994000.0,3.5923149889936488,26.894219450658532,25.0
995000.0,3.5872958298388093,28.32783400231662,25.0
996000.0,3.592885464745574,26.84863058726503,25.0
997000.0,3.589615110793031,27.499433541453804,25.0
998000.0,3.595753422972499,26.111647192006778,25.0
999000.0,3.5952426680229785,25.92313185765016,25.0
1000000.0,3.5932475528392045,26.180408223974943,25.0
1001000.0,3.5949354674760348,25.2479836455315,25.0
1002000.0,3.5999203903707806,24.658333073894024,25.0
1003000.0,3.6074756547153877,24.121599030313625,25.0
1004000.0,3.6073805003943487,22.693527920472615,25.0
1005000.0,3.6102659384227596,22.53314532453883,25.0
1006000.0,3.6153624957294093,21.566128087518635,25.0
1007000.0,3.6173933493620165,21.426473865054266,25.0
1008000.0,3.625532014164229,20.308135476062798,25.0
1009000.0,3.6216935646961597,19.78147306952064,25.0
1010000.0,3.6244813083069074,18.96135371836955,25.0
1011000.0,3.632056773867217,18.15364380285947,25.0
1012000.0,3.6342879836861446,17.303886014408654,25.0
1013000.0,3.6455565546381843,15.705895196158819,25.0
1014000.0,3.6523051102457207,13.787834356064362,25.0
1015000.0,3.6568382818458054,12.274443797214602,25.0
1016000.0,3.6616295090525957,11.461350228326088,25.0
1017000.0,3.6725905730173465,9.476189760201725,25.0
1018000.0,3.679922885245603,8.007039796359928,25.0
1019000.0,3.682026065428933,6.903966648884763,25.0
1020000.0,3.693772120241634,4.214132110706775,25.0
1021000.0,3.6919492361124973,4.691873083340197,25.0
1022000.0,3.701563486605518,3.640688589742668,25.0
1023000.0,3.698832793315308,3.8657023283569125,25.0
1024000.0,3.693500389148333,4.245774959270753,25.0
1025000.0,3.692730033534327,4.898326115494951,25.0
1026000.0,3.6948491999631132,3.902578430991501,25.0
1027000.0,3.6948410864054173,4.559837595408076,25.0
1028000.0,3.6883352527513384,5.603892966647178,25.0
1029000.0,3.6928885846473793,4.7962269874528785,25.0
1030000.0,3.6861098835063433,6.324330799234055,25.0
1031000.0,3.6848211664151522,6.666345339401796,25.0
1032000.0,3.6821943764837037,7.118732655810088,25.0
1033000.0,3.6780280683949753,8.419491276634671,25.0
1034000.0,3.674882183043043,9.462424325162996,25.0
1035000.0,3.671207933610207,9.543950118836818,25.0
1036000.0,3.6657245720524796,10.189994890923371,25.0
1037000.0,3.6679428739187303,10.08668499481005,25.0
1038000.0,3.6683427552246193,9.379093346998642,25.0
1039000.0,3.660990539749864,10.77670643347006,25.0
1040000.0,3.6618666052045175,10.544951334910072,25.0
1041000.0,3.66888061837039,9.57003662605544,25.0
1042000.0,3.6699192626801183,9.706684558634578,25.0
1043000.0,3.668324152943364,10.385390116873785,25.0
1044000.0,3.669505070441433,9.752275476308563,25.0
1045000.0,3.6714389222887958,9.080140697388691,25.0
1046000.0,3.6612837070124704,10.524441056200363,25.0
1047000.0,3.665226505281749,10.004390711482886,25.0
1048000.0,3.661236372515854,10.953513095482458,25.0
1049000.0,3.663583801922687,10.178733561584494,25.0
1050000.0,3.667788970594553,10.095496244691507,25.0
1051000.0,3.65553481050632,11.437250240697066,25.0
1052000.0,3.663158698758886,9.914066327024283,25.0
1053000.0,3.6671204007660756,9.52409211756156,25.0
1054000.0,3.6672517867472982,10.114598989784623,25.0
1055000.0,3.657166203335301,10.567877451510533,25.0
1056000.0,3.664663618610347,9.417439927906786,25.0
1057000.0,3.6681216759978352,9.545867445347271,25.0
1058000.0,3.6627155783415954,9.806349706723545,25.0
1059000.0,3.6812795160829515,7.1538571592515945,25.0
1060000.0,3.674152488893202,7.401539811054849,25.0
1061000.0,3.6769115205816063,7.58091266450575,25.0
1062000.0,3.6814604949212977,6.17991852816871,25.0
1063000.0,3.6882514767394317,5.018808210900491,25.0
1064000.0,3.6790916683622914,6.234718807574355,25.0
1065000.0,3.688520699188842,4.0985799986567875,25.0
1066000.0,3.69282806154138,4.175214099119382,25.0
1067000.0,3.69106077237913,3.991859892698683,25.0
1068000.0,3.689798015824505,4.07444082477922,25.0
1069000.0,3.6906299567139143,3.818902436933447,25.0
1070000.0,3.6895236271442817,4.050670942643193,25.0
1071000.0,3.6928893375441887,4.32240819176701,25.0
1072000.0,3.6870531842029033,4.56389750782173,25.0
1073000.0,3.685189688229903,5.072411485016365,25.0
1074000.0,3.6937213973399174,4.351668203227412,25.0
1075000.0,3.678785216398111,6.363806690764588,25.0
1076000.0,3.6807529715697576,6.118256065610255,25.0
1077000.0,3.679600634899583,6.476257385930623,25.0
1078000.0,3.6653550533968784,9.036849818343676,25.0
1079000.0,3.6669831141215044,8.52220375464007,25.0
1080000.0,3.6629267325931028,10.08993455297707,25.0
1081000.0,3.6584997985325303,10.555766468840517,25.0
1082000.0,3.6514806250491243,11.54227923088251,25.0
1083000.0,3.642186646058505,13.057647755015212,25.0
1084000.0,3.6416061363656875,13.21829795512377,25.0
1085000.0,3.63350310834719,14.845079949552852,25.0
1086000.0,3.626438031568613,15.75265213687055,25.0
1087000.0,3.6264164025182484,17.032847048783353,25.0
1088000.0,3.623367902426366,17.15315296511588,25.0
1089000.0,3.6162217356835047,18.695120121993956,25.0
1090000.0,3.606151648862041,19.860347353371047,25.0
1091000.0,3.603983057101558,20.596843769980627,25.0
1092000.0,3.602724669895032,20.873173019660232,25.0
1093000.0,3.599588485447403,21.5523500748616,25.0
1094000.0,3.589056792257844,23.46907839482235,25.0
1095000.0,3.5846540607790707,23.844010040756572,25.0
1096000.0,3.5931231689011764,22.99329821653874,25.0
1097000.0,3.584632712840158,24.450431824364568,25.0
1098000.0,3.580827950004529,24.863285514780795,25.0
1099000.0,3.5809205288450325,25.132203953766826,25.0
1100000.0,3.5781249788563114,25.66511341718094,25.0
1101000.0,3.574919123805392,26.282009991621752,25.0
1102000.0,3.5688000968496727,26.912497476231593,25.0
1103000.0,3.569413536547646,26.49529376531072,25.0
1104000.0,3.570843827252434,26.04144400568617,25.0
1105000.0,3.573139859554272,26.030614170320504,25.0
1106000.0,3.5748640981668625,24.948687558206828,25.0
1107000.0,3.5760832472831385,24.524189857814243,25.0
1108000.0,3.580026184794939,24.22855894216462,25.0
1109000.0,3.5803213178434756,24.063898311971215,25.0
1110000.0,3.5833188383069197,23.417368041893514,25.0
1111000.0,3.5839801600990273,22.60083597459503,25.0
1112000.0,3.587932493871231,22.183527485960973,25.0
1113000.0,3.5936558629987707,21.19945696957716,25.0
1114000.0,3.5876739735621914,21.7563431231457,25.0
1115000.0,3.59166500997922,20.959233475157063,25.0
1116000.0,3.591495666481173,20.900658474783985,25.0
1117000.0,3.5905471524349637,21.73693786288915,25.0
1118000.0,3.5904809758493896,21.419304210448693,25.0
1119000.0,3.5836065496072758,21.815353230540968,25.0
1120000.0,3.584812670682378,21.41825005131165,25.0
1121000.0,3.583248458251931,22.517156641356493,25.0
1122000.0,3.5827064413641176,22.1937721303224,25.0
1123000.0,3.5800970162429775,22.928667334840274,25.0
1124000.0,3.579374740161801,22.878288497923545,25.0
1125000.0,3.58076181214115,22.810546580657135,25.0
1126000.0,3.5800803299004462,21.805087208904126,25.0
1127000.0,3.584125031504392,21.343520827721544,25.0
1128000.0,3.5870596823553957,20.99413978400786,25.0
1129000.0,3.5908324171358914,20.152331497347497,25.0
1130000.0,3.5968307304382985,18.40220767374816,25.0
1131000.0,3.5959069080536508,18.684670021684838,25.0
1132000.0,3.6027824653403866,17.21430560462687,25.0
1133000.0,3.605493108434272,16.85825495231736,25.0
1134000.0,3.6147045294452136,15.213561768043782,25.0
1135000.0,3.6136396968695066,14.977670455673788,25.0
1136000.0,3.6217646129451015,13.344114493306565,25.0
1137000.0,3.6199441294679886,12.880498786553767,25.0
1138000.0,3.627502874423834,11.732497435458052,25.0
1139000.0,3.637771864937468,10.799260928943395,25.0
1140000.0,3.6358418290228403,9.716706378204547,25.0
1141000.0,3.640780868105248,9.923210451874745,25.0
1142000.0,3.641233333788793,9.129682654916254,25.0
1143000.0,3.631184264040254,10.43829984670071,25.0
1144000.0,3.6376128195420487,10.480843293544194,25.0
1145000.0,3.640575422206227,9.77861306357651,25.0
1146000.0,3.6391554112630793,9.310122687046034,25.0
1147000.0,3.6398850185138247,9.676645365089861,25.0
1148000.0,3.635359690684294,10.055268322384185,25.0
1149000.0,3.640930080089284,9.065290241784382,25.0
1150000.0,3.647324578933715,7.797702359586698,25.0
1151000.0,3.647209711497615,7.631808013354934,25.0
1152000.0,3.6569701848284435,5.952548108078932,25.0
1153000.0,3.6587126829274017,5.525731611700586,25.0
1154000.0,3.65687173887372,5.509239101701396,25.0
1155000.0,3.6621704138922926,4.75589091244115,25.0
1156000.0,3.6635139353245783,4.142284023021702,25.0
1157000.0,3.6708437935102656,2.922161777088351,25.0
1158000.0,3.662294712728092,4.3684767950963685,25.0
1159000.0,3.664413927380013,4.1655159445840795,25.0
1160000.0,3.6720697442923753,3.2196923176510217,25.0
1161000.0,3.660628168349813,4.5938237452832915,25.0
1162000.0,3.658890307976619,4.600053842825684,25.0
1163000.0,3.6620908041452327,5.165191953356852,25.0
1164000.0,3.655145510010082,6.013727650423533,25.0
1165000.0,3.654345864092721,5.773330939406075,25.0
1166000.0,3.6480172199570053,7.177266521720265,25.0
1167000.0,3.642929952553127,7.901507217536954,25.0
1168000.0,3.642354236822749,8.726933734728075,25.0
1169000.0,3.635457571575865,9.982939283392623,25.0
1170000.0,3.633364144269896,10.329367421377349,25.0
1171000.0,3.635399730251566,9.719221144830406,25.0
1172000.0,3.624772696991795,10.899192210069273,25.0
1173000.0,3.6335537131099915,9.44634372719761,25.0
1174000.0,3.6347035518043223,9.768638202820993,25.0
1175000.0,3.6298915816556416,9.517765144497803,25.0
1176000.0,3.6327058777737435,9.948619600229076,25.0
1177000.0,3.6276602199627472,10.541109641605178,25.0
1178000.0,3.6302360407068104,10.648892978420292,25.0
1179000.0,3.6304573768767248,10.231758707901951,25.0
1180000.0,3.635454154401317,9.695304468209375,25.0
1181000.0,3.6336859729522435,9.723189700924733,25.0
1182000.0,3.6331753359456083,9.698401931671217,25.0
1183000.0,3.626924779438002,10.476420341161845,25.0
1184000.0,3.634574093615953,9.546730337194843,25.0
1185000.0,3.6334662030188443,10.43226313770609,25.0
1186000.0,3.6273291658054014,9.983702964187872,25.0
1187000.0,3.6279992050679515,10.086025536225966,25.0
1188000.0,3.6298319575347895,10.755859191950336,25.0
1189000.0,3.6322883859877924,9.762332992971338,25.0
1190000.0,3.6251427718736,10.830864298073697,25.0
1191000.0,3.634768500762714,9.295273670313165,25.0
1192000.0,3.6322292611353735,9.587618153031748,25.0
1193000.0,3.634051636582465,8.792265455984559,25.0
1194000.0,3.6359170486295653,8.379138913068678,25.0
1195000.0,3.6395023272602756,8.239320188651908,25.0
1196000.0,3.6417565496223676,7.552035155766572,25.0
1197000.0,3.6477070399752165,6.6266761379821535,25.0
1198000.0,3.6500373525373946,5.9655957580787256,25.0
1199000.0,3.6537888314869895,4.685271990005995,25.0
